{
  "heartRate": [
    115,
    187,
    83,
    93,
    100,
    107,
    125,
    115,
    136,
    68
  ],
  "oxygen": [
    95.975064,
    99.796266,
    95.975064,
    99.8058,
    99.796266,
    99.169194,
    99.771114,
    98.33924999999999,
    99.54225,
    95.70606599999999
  ],
  "oxyMean": 98.3876334
}